{
  "male-middle": {
    "label": "Male Middle Elf",
    "tableSections": [
      {
        "name": "Name:",
        "class": "inline-block text-bold",
        "table": [
          "{{utility-fantasy-names/elven/male-middle:Aerandir}} {{utility-fantasy-names/elven/surname-gen:Aeramiel}}"
        ],
        "type": "simple"
      },
      {
        "name": "",
        "table": ["{{Number#34-300:56}}"],
        "class": "inline-block",
        "icon": "https://portal-jumper.onrender.com/assets/cyoa-darkwood/static/logo.82f4a71a.svg",
        "iconclass": "icon-sq-sm",
        "type": "simple"
      },
      {
        "name": "",
        "table": [
          "He is {{utility-npc/physical/height:tall}}, {{utility-npc/physical/build:stocky}} with {{utility-senses/body/eyes-all}} eyes, {{utility-npc/physical/facial-features:a crooked nose}} and {{utility-npc/physical/hair-type:wavy}} blonde hair, his facial expression is {{utility-npc/physical/demeanor:strong in character}}"
        ],
        "type": "simple"
      },
      {
        "name": "",
        "table": [
          "He is {{utility-npc/personality/strengths:agreeable}}, {{utility-npc/personality/aspects:aloof}} and {{utility-npc/personality/faults:critical}}, has a job as a {{utility-npc-fantasy/roles/job-artisan:lensmaker}}, and spends his free time on {{utility-npc/hobby/all:painting}}",
          "He is {{utility-npc/personality/strengths:agreeable}}, {{utility-npc/personality/aspects:aloof}} and {{utility-npc/personality/faults:critical}}, has a job as a {{utility-npc-fantasy/roles/job-artisan:gardener}}, and spends his free time on {{utility-npc-fantasy/hobby/all:gemcutting}}"
        ],
        "type": "simple"
      },
      {
        "name": "",
        "table": [
          "He is motivated by {{utility-npc/motivation/motivation:fame}} and hides {{utility-npc/motivation/secret:an alchohol addiction}}"
        ],
        "type": "simple"
      },
      {
        "name": "",
        "table": ["Has {{utility-npc/family/full:two sisters and a brother}}"],
        "type": "simple"
      },
      {
        "name": "",
        "table": [
          "Grew up {{utility-npc-fantasy/history/youth-elven-mix:in a mountain outpost}}, was for a while {{utility-npc-fantasy/roles/roles:vagabond}}, and during their younger years {{utility-npc-fantasy/history/events:was injured in battle}}"
        ],
        "type": "simple"
      }
    ]
  },
  "female-middle": {
    "label": "Female Middle Elf",
    "tableSections": [
      {
        "name": "Name:",
        "class": "inline-block text-bold",
        "table": [
          "{{utility-fantasy-names/elven/female-middle:Aranel}} {{utility-fantasy-names/elven/surname-gen:Aeramiel}}"
        ],
        "type": "simple"
      },
      {
        "name": "",
        "table": ["{{Number#34-300:56}}"],
        "class": "inline-block",
        "icon": "https://portal-jumper.onrender.com/assets/cyoa-darkwood/static/logo.82f4a71a.svg",
        "iconclass": "icon-sq-sm",
        "type": "simple"
      },
      {
        "name": "",
        "table": [
          "He is {{utility-npc/physical/height:tall}}, {{utility-npc/physical/build:stocky}} with {{utility-senses/body/eyes-all}} eyes, {{utility-npc/physical/facial-features:a crooked nose}} and {{utility-npc/physical/hair-type:wavy}} blonde hair, his facial expression is {{utility-npc/physical/demeanor:strong in character}}"
        ],
        "type": "simple"
      },
      {
        "name": "",
        "table": [
          "He is {{utility-npc/personality/strengths:agreeable}}, {{utility-npc/personality/aspects:aloof}} and {{utility-npc/personality/faults:critical}}, has a job as a {{utility-npc-fantasy/roles/job-artisan:lensmaker}}, and spends his free time on {{utility-npc/hobby/all:painting}}",
          "He is {{utility-npc/personality/strengths:agreeable}}, {{utility-npc/personality/aspects:aloof}} and {{utility-npc/personality/faults:critical}}, has a job as a {{utility-npc-fantasy/roles/job-artisan:gardener}}, and spends his free time on {{utility-npc-fantasy/hobby/all:gemcutting}}"
        ],
        "type": "simple"
      },
      {
        "name": "",
        "table": [
          "He is motivated by {{utility-npc/motivation/motivation:fame}} and hides {{utility-npc/motivation/secret:an alchohol addiction}}"
        ],
        "type": "simple"
      },
      {
        "name": "",
        "table": ["Has {{utility-npc/family/full:two sisters and a brother}}"],
        "type": "simple"
      },
      {
        "name": "",
        "table": [
          "Grew up {{utility-npc-fantasy/history/youth-elven-mix:in a mountain outpost}}, was for a while {{utility-npc-fantasy/roles/roles:vagabond}}, and during their younger years {{utility-npc-fantasy/history/events:was injured in battle}}"
        ],
        "type": "simple"
      }
    ]
  },
  "male-high": {
    "label": "Male Middle Elf",
    "tableSections": [
      {
        "name": "Name:",
        "class": "inline-block text-bold",
        "table": [
          "{{utility-fantasy-names/elven/male-high:Ancalagon}} {{utility-fantasy-names/elven/surname-gen:Aeramiel}}"
        ],
        "type": "simple"
      },
      {
        "name": "",
        "table": ["{{Number#34-300:56}}"],
        "class": "inline-block",
        "icon": "https://portal-jumper.onrender.com/assets/cyoa-darkwood/static/logo.82f4a71a.svg",
        "iconclass": "icon-sq-sm",
        "type": "simple"
      },
      {
        "name": "",
        "table": [
          "He is {{utility-npc/physical/height:tall}}, {{utility-npc/physical/build:stocky}} with {{utility-senses/body/eyes-all}} eyes, {{utility-npc/physical/facial-features:a crooked nose}} and {{utility-npc/physical/hair-type:wavy}} blonde hair, his facial expression is {{utility-npc/physical/demeanor:strong in character}}"
        ],
        "type": "simple"
      },
      {
        "name": "",
        "table": [
          "He is {{utility-npc/personality/strengths:agreeable}}, {{utility-npc/personality/aspects:aloof}} and {{utility-npc/personality/faults:critical}}, has a job as a {{utility-npc-fantasy/roles/job-artisan:lensmaker}}, and spends his free time on {{utility-npc/hobby/all:painting}}",
          "He is {{utility-npc/personality/strengths:agreeable}}, {{utility-npc/personality/aspects:aloof}} and {{utility-npc/personality/faults:critical}}, has a job as a {{utility-npc-fantasy/roles/job-artisan:gardener}}, and spends his free time on {{utility-npc-fantasy/hobby/all:gemcutting}}"
        ],
        "type": "simple"
      },
      {
        "name": "",
        "table": [
          "He is motivated by {{utility-npc/motivation/motivation:fame}} and hides {{utility-npc/motivation/secret:an alchohol addiction}}"
        ],
        "type": "simple"
      },
      {
        "name": "",
        "table": ["Has {{utility-npc/family/full:two sisters and a brother}}"],
        "type": "simple"
      },
      {
        "name": "",
        "table": [
          "Grew up {{utility-npc-fantasy/history/youth-elven-mix:in a mountain outpost}}, was for a while {{utility-npc-fantasy/roles/roles:vagabond}}, and during their younger years {{utility-npc-fantasy/history/events:was injured in battle}}"
        ],
        "type": "simple"
      }
    ]
  },
  "female-high": {
    "label": "Female Middle Elf",
    "tableSections": [
      {
        "name": "Name:",
        "class": "inline-block text-bold",
        "table": [
          "{{utility-fantasy-names/elven/female-high:Amarie}} {{utility-fantasy-names/elven/surname-gen:Aeramiel}}"
        ],
        "type": "simple"
      },
      {
        "name": "",
        "table": ["{{Number#34-300:56}}"],
        "class": "inline-block",
        "icon": "https://portal-jumper.onrender.com/assets/cyoa-darkwood/static/logo.82f4a71a.svg",
        "iconclass": "icon-sq-sm",
        "type": "simple"
      },
      {
        "name": "",
        "table": [
          "He is {{utility-npc/physical/height:tall}}, {{utility-npc/physical/build:stocky}} with {{utility-senses/body/eyes-all}} eyes, {{utility-npc/physical/facial-features:a crooked nose}} and {{utility-npc/physical/hair-type:wavy}} blonde hair, his facial expression is {{utility-npc/physical/demeanor:strong in character}}"
        ],
        "type": "simple"
      },
      {
        "name": "",
        "table": [
          "He is {{utility-npc/personality/strengths:agreeable}}, {{utility-npc/personality/aspects:aloof}} and {{utility-npc/personality/faults:critical}}, has a job as a {{utility-npc-fantasy/roles/job-artisan:lensmaker}}, and spends his free time on {{utility-npc/hobby/all:painting}}",
          "He is {{utility-npc/personality/strengths:agreeable}}, {{utility-npc/personality/aspects:aloof}} and {{utility-npc/personality/faults:critical}}, has a job as a {{utility-npc-fantasy/roles/job-artisan:gardener}}, and spends his free time on {{utility-npc-fantasy/hobby/all:gemcutting}}"
        ],
        "type": "simple"
      },
      {
        "name": "",
        "table": [
          "He is motivated by {{utility-npc/motivation/motivation:fame}} and hides {{utility-npc/motivation/secret:an alchohol addiction}}"
        ],
        "type": "simple"
      },
      {
        "name": "",
        "table": ["Has {{utility-npc/family/full:two sisters and a brother}}"],
        "type": "simple"
      },
      {
        "name": "",
        "table": [
          "Grew up {{utility-npc-fantasy/history/youth-elven-mix:in a mountain outpost}}, was for a while {{utility-npc-fantasy/roles/roles:vagabond}}, and during their younger years {{utility-npc-fantasy/history/events:was injured in battle}}"
        ],
        "type": "simple"
      }
    ]
  }
}
