{
  "goals-group": {
    "table": [
      "mastery",
      "craft",
      "network",
      "monopoly",
      "power",
      "front",
      "crime",
      "riches",
      "community",
      "secret"
    ]
  },
  "goals-religious": {
    "table": [
      "complete ancient ritual",
      "spiritual health",
      "redemption",
      "freedom from earthly pain",
      "atonement",
      "ascension",
      "clarity",
      "deep thruths",
      "divine intervention",
      "godly powers",
      "safety from the wrath of god/s",
      "justice",
      "pleasurable afterlife"
    ]
  },
  "goals-military": {
    "table": [
      "conquest",
      "glory",
      "death in battle",
      "honor",
      "redemption",
      "skill",
      "code of honor",
      "holy quest",
      "revenge",
      "protection"
    ]
  },
  "goals": {
    "table": [
      "{{utility-factions/activity/goals-group}}",
      "{{utility-factions/activity/goals-religious}}",
      "{{utility-factions/activity/goals-military}}"
    ]
  },
  "operations-group": {
    "table": [
      "training",
      "self-mastery",
      "meetings",
      "pressuring connections",
      "subterfuge",
      "undermining opponents",
      "spying",
      "hoaxs",
      "trickery",
      "seceptions",
      "fraud",
      "hiding knowledge",
      "sharing secrets",
      "cooperation"
    ]
  },
  "operations-religious": {
    "table": [
      "charity",
      "chanting",
      "prayer",
      "fasting",
      "feasting",
      "fladgelation",
      "piety",
      "reverance",
      "worship",
      "music",
      "writing",
      "teaching",
      "reading",
      "monasticism",
      "debate",
      "missions",
      "conversion",
      "maintenance of secrets",
      "fighting heresy",
      "cleasning others",
      "proselytizing"
    ]
  },
  "operations-military": {
    "table": [
      "fighting",
      "guarding",
      "desctruction",
      "assasination",
      "mercenary work",
      "combat",
      "questing",
      "defence"
    ]
  },
  "operations": {
    "table": [
      "{{utility-factions/activity/operations-group}}",
      "{{utility-factions/activity/operations-religious}}",
      "{{utility-factions/activity/operations-military}}"
    ]
  },
  "joining": {
    "table": [
      "request",
      "influence",
      "marriage",
      "family",
      "success",
      "donations",
      "connections",
      "power",
      "shared goals",
      "ethnic",
      "cultural",
      "secret ritual",
      "secret place",
      "puzzle hides meeting place"
    ]
  }
}
