{
  "collectionID": "utility-factions",
  "collectionName": "Utility Factions",
  "category": "Utility",
  "isUtility": true,
  "version": 2,
  "required": ["utility-senses@10"],
  "tags": ["group", "fantasy"],
  "tables": {
    "name": ["professional", "religious", "religious-of", "military"],
    "rank": ["top", "intermediate", "upcoming", "initial"],
    "activity": [
      "goals-group",
      "goals-religious",
      "goals-military",
      "goals",
      "operations-group",
      "operations-religious",
      "operations-military",
      "operations",
      "joining"
    ],
    "status": ["resources", "age"]
  }
}
