{
  "male": {
    "table": [
      "Althiöf",
      "Anar",
      "Asutri",
      "Atli",
      "Aurvang",
      "Baern",
      "Baldr",
      "Barendd",
      "Bavör",
      "Bild",
      "Billing",
      "Bivör",
      "Bruenor",
      "Bruni",
      "Bömbur",
      "Búri",
      "Darrak",
      "Draupnir",
      "Durin",
      "Dvalin",
      "Dáin",
      "Dólgthrasir",
      "Eberk",
      "Eikinskialdi",
      "Eilifr",
      "Einarr",
      "Fargrim",
      "Finnr",
      "Fjalar ",
      "Frosti",
      "Frár",
      "Fundin",
      "Gardain",
      "Ginnar",
      "Glói",
      "Grimir",
      "Grímhildr",
      "Hallsteinn",
      "Hanar",
      "Hepti",
      "Hildir",
      "Hornbori",
      "Iari",
      "Jorundr",
      "Kildrak",
      "Litr",
      "Lóni",
      "Miödvitnir",
      "Morgran",
      "Móin",
      "Nali",
      "Nidi",
      "Niping",
      "Nordri",
      "Nori",
      "Náin",
      "Nár",
      "Núr",
      "Nýi",
      "Nýrád",
      "Ormr",
      "Oskar",
      "Rangrim",
      "Regin",
      "Rádsvid",
      "Saga",
      "Skirvir",
      "Sudri",
      "Svior",
      "Taklinn",
      "Thekk ",
      "Thror",
      "Thráin",
      "Traubon",
      "Trym",
      "Ulfgar",
      "Ulfr",
      "Veig",
      "Verdandi",
      "Vestri",
      "Vili",
      "Vindálf",
      "Virvir",
      "Vitr",
      "Vondal",
      "Yngvi"
    ]
  },
  "female": {
    "table": [
      "Airgira",
      "Alma",
      "Anja",
      "Anneli",
      "Ansa",
      "Astridia",
      "Atalie",
      "Bamiel",
      "Beadohild",
      "Beadohild",
      "Bergdis",
      "Bonntyn",
      "Borghil",
      "Bralvia",
      "Broldryn",
      "Carina",
      "Carita",
      "Cilla",
      "Dahlia",
      "Dinola",
      "Dorthnalla",
      "Dralla",
      "Ebba",
      "Eira",
      "Elin",
      "Elise",
      "Ellika",
      "Embla",
      "Eýtri",
      "Frýd",
      "Gisla",
      "Grid",
      "Gudrun",
      "Gunira",
      "Gwanalla",
      "Hilja",
      "Huldryna",
      "Idunn",
      "Ingera",
      "Jennro",
      "Juni",
      "Juska",
      "Katri",
      "Kelsalla",
      "Kliralla",
      "Lili",
      "Livika",
      "Lottarun",
      "Lovisa",
      "Madlena",
      "Majalla",
      "Majhild",
      "Mattella",
      "Methira",
      "Nooralla",
      "Odella",
      "Ota",
      "Otta",
      "Petralla",
      "Revna",
      "Revna",
      "Runa",
      "Ruuvna",
      "Rynwyn",
      "Sifa",
      "Signe",
      "Sigrida",
      "Sitta",
      "Svanhild",
      "Thovra",
      "Thurida",
      "Thýrila",
      "Tyra",
      "Ulfhild",
      "Verdanda",
      "Wilmalla"
    ]
  },
  "surname-start": {
    "table": [
      "Agate",
      "Ash",
      "Axe",
      "Black",
      "Dark",
      "Feldspar",
      "Fire",
      "Flame",
      "Gold",
      "Grim",
      "Iron",
      "Jade",
      "Last",
      "Lead",
      "Long",
      "Oak",
      "Obsidian",
      "Onyx",
      "Plate",
      "Quartz",
      "Raven",
      "Shadow",
      "Silver",
      "Slate",
      "Spear",
      "Thogrin",
      "True"
    ]
  },
  "surname-end": {
    "table": [
      "anvil",
      "axe",
      "beard",
      "breaker",
      "delver",
      "fist",
      "foot",
      "forge",
      "grimr",
      "gurt",
      "haft",
      "helm",
      "maw",
      "mine",
      "pick",
      "shield",
      "stone",
      "tooth",
      "udr",
      "vegehr",
      "wrought"
    ]
  },
  "surname-child-end": {
    "table": ["born", "son", "child"]
  },
  "surname-gen": {
    "table": [
      "{{utility-fantasy-names/dwarven/surname-start:thogrin}}{{utility-fantasy-names/dwarven/surname-end:forge}}",
      "{{utility-fantasy-names/dwarven/male:anar}}{{utility-fantasy-names/dwarven/surname-child-end:born}}"
    ]
  }
}
