{
  "collectionID": "utility-fantasy-names",
  "collectionName": "Utility Fantasy Names",
  "category": "Utility",
  "isUtility": true,
  "version": 2,
  "tags": ["names", "modern"],
  "tables": {
    "dwarven": [
      "male",
      "female",
      "surname-start",
      "surname-end",
      "surname-child-end",
      "surname-gen"
    ],
    "elven": [
      "male-middle",
      "female-middle",
      "male-high",
      "female-high",
      "male",
      "female",
      "surname-start",
      "surname-end",
      "surname-gen"
    ]
  }
}
