{
  "hair": {
    "table": [
      "{{utility-senses/color-dark/offblack}} black",
      "{{utility-senses/color-brown/brown}} brown",
      "{{utility-senses/color-brown/dark}}",
      "{{utility-senses/color-grey/grey}} grey",
      "auburn",
      "blonde",
      "copper",
      "red",
      "strawberry blonde",
      "white"
    ]
  },
  "eyes": {
    "table": [
      "{{utility-senses/color-brown/brown}} brown",
      "{{utility-senses/color-green/green}} green",
      "{{utility-senses/color-blue/blue}} blue",
      "{{utility-senses/color-grey/grey}} grey",
      "amber",
      "bright green",
      "hazel"
    ]
  },
  "eyes-all": {
    "table": [
      "{{utility-senses/body/eyes}} & {{utility-senses/body/eyes}} heterochromic",
      "{{utility-senses/body/eyes}}"
    ]
  },
  "skin": {
    "table": [
      "{{utility-senses/color-dark/offblack}} black",
      "{{utility-senses/color-brown/brown}} brown",
      "{{utility-senses/body/eyes}}",
      "beige",
      "blush",
      "bronze",
      "copper",
      "fawn",
      "hazel",
      "hazel",
      "mahogany",
      "ochre",
      "olive",
      "rose",
      "sand",
      "sienna",
      "tan",
      "taupe",
      "tawny",
      "teak",
      "umber",
      "walnut",
      "wheat"
    ]
  }
}
