{
  "hide": {
    "table": [
      "{{utility-senses/color-brown/soft}}",
      "{{utility-senses/color-brown/brown}}",
      "{{utility-senses/color-brown/dark}}",
      "{{utility-senses/color-light/cream}}",
      "{{utility-senses/color-grey/soft}}",
      "{{utility-senses/color-dark/offblack}}"
    ]
  },
  "metal-silver": {
    "table": [
      "silver",
      "iron",
      "steel",
      "rusted iron",
      "lead",
      "cold steel",
      "gun metal",
      "wrought iron",
      "blue steel",
      "zinc",
      "silver blue"
    ]
  },
  "metal-copper": {
    "table": [
      "copper",
      "bronze",
      "shining gold",
      "reflective brown",
      "burnet copper",
      "greened bronze",
      "copper patina",
      "brass",
      "rose gold",
      "true gold"
    ]
  },
  "wood": {
    "table": [
      "{{utility-senses/color-brown/brown}}",
      "{{utility-senses/color-brown/dark}}",
      "{{utility-senses/color-brown/soft}}"
    ]
  },
  "stone": {
    "table": [
      "{{utility-senses/color-grey/brown}}",
      "{{utility-senses/color-grey/dark}}",
      "{{utility-senses/color-grey/soft}}",
      "{{utility-senses/color-dark/offblack}}"]
  }
}
