{
  "cream": {
    "table": [
      "white",
      "pearl",
      "alabaster",
      "snow",
      "ivory",
      "cream",
      "egg shell",
      "cotton",
      "lace",
      "coconut",
      "bone",
      "powder",
      "frost",
      "porclain",
      "parchment"
    ]
  },
  "pastel": {
    "name": "Pastel colors:",
    "table": [
      "soft coral",
      "slate blue",
      "pale green",
      "soft sepia",
      "daffodil",
      "lemon chello",
      "blush",
      "rose",
      "salmon",
      "peach",
      "lavendar",
      "lilac",
      "sage",
      "mint",
      "duck egg",
      "baby blue",
      "jade green",
      "vanilla",
      "warm cloud",
      "dusty pink"
    ]
  },
  "nature": {
    "name": "Nature colors:",
    "table": ["grass green", "sky blue", "light autumn green"]
  },
  "soft": {
    "table": [
      "{{utility-senses/color-red/soft}}",
      "{{utility-senses/color-blue/soft}}",
      "{{utility-senses/color-green/soft}}",
      "{{utility-senses/color-yellow/soft}}",
      "{{utility-senses/color-purple/soft}}",
      "{{utility-senses/color-brown/soft}}",
      "{{utility-senses/color-grey/soft}}"
    ]
  },
  "midtone": {
    "table": [
      "{{utility-senses/color-red/red}}",
      "{{utility-senses/color-blue/blue}}",
      "{{utility-senses/color-green/green}}",
      "{{utility-senses/color-yellow/yellow}}",
      "{{utility-senses/color-purple/purple}}",
      "{{utility-senses/color-brown/brown}}",
      "{{utility-senses/color-grey/grey}}"
    ]
  }
}
