{
  "green": {
    "table": [
      "olive",
      "juniper",
      "sage",
      "fern",
      "emerald",
      "mint",
      "grass",
      "cobalt",
      "jade"
    ]
  },
  "dark": {
    "table": [
      "moss",
      "pine",
      "meadow green",
      "deep forest green",
      "khaki",
      "dark {{utility-senses/color-green/green}}",
      "desaturated {{utility-senses/color-green/green}}"
    ]
  },
  "soft": {
    "table": [
      "lime",
      "apple",
      "pear",
      "peridot",
      "lush green",
      "cool pine",
      "soft {{utility-senses/color-blue/green}}",
      "light {{utility-senses/color-blue/green}}"
    ]
  }
}
