{
  "blue": {
    "table": [
      "sky",
      "blue",
      "cobalt",
      "ocean",
      "azure",
      "cerulean",
      "aegean",
      "berry",
      "sapphire"
    ]
  },
  "dark": {
    "table": [
      "navy",
      "stormy sky blue",
      "slate",
      "deep see",
      "indigo",
      "ultramarine",
      "coastal blue",
      "dark {{utility-senses/color-blue/blue}}",
      "desaturated {{utility-senses/color-blue/blue}}"
    ]
  },
  "soft": {
    "table": [
      "teal",
      "cloud",
      "turquoise",
      "viridian",
      "mauve",
      "bird egg blue",
      "soft {{utility-senses/color-blue/blue}}",
      "light {{utility-senses/color-blue/blue}}"
    ]
  }
}
