{
  "offblack": {
    "table": [
      "ebony",
      "crow",
      "ink",
      "raven",
      "onyx",
      "pitch",
      "coal",
      "liquorice",
      "metropolis",
      "night shadow",
      "slate",
      "stout",
      "heavy grey"
    ]
  },
  "black": {
    "table": [
      "black",
      "oil",
      "midnight",
      "jet black",
      "black chocolate",
      "black chocolate",
      "pot black",
      "obsidian"
    ]
  },
  "verydark": {
    "table": ["{{utility-senses/color-dark/offblack}}", "{{utility-senses/color-dark/black}}"]
  },
  "dark": {
    "table": [
      "{{utility-senses/color-red/dark}}",
      "{{utility-senses/color-blue/dark}}",
      "{{utility-senses/color-green/dark}}",
      "{{utility-senses/color-yellow/dark}}",
      "{{utility-senses/color-purple/dark}}",
      "{{utility-senses/color-brown/dark}}",
      "{{utility-senses/color-grey/dark}}"
    ]
  }
}
