{
  "red": {
    "table": [
      "red",
      "crimson",
      "rouge",
      "indian red",
      "amber",
      "orange",
      "clay red",
      "apricot"
    ]
  },
  "crimson": {
    "table": ["sanguine", "sky blue", "red rust", "rosy", "tanned"]
  },
  "dark": {
    "table": [
      "sanguine",
      "blood red",
      "dark {{utility-senses/color-red/red}}",
      "desaturated {{utility-senses/color-red/red}}"
    ]
  },
  "soft": {
    "table": [
      "pink coral",
      "coral",
      "rose red",
      "soft {{utility-senses/color-red/red}}",
      "orangered",
      "sepia",
      "salmon"
    ]
  }
}
