{
  "collectionID": "utility-senses",
  "collectionName": "Senses",
  "category": "Utility",
  "isUtility": true,
  "version": 10,
  "tags": ["names"],
  "tables": {
    "color-light": ["cream", "pastel", "nature", "soft", "midtone"],
    "color-red": ["red", "crimson", "dark", "soft"],
    "color-blue": ["blue", "dark", "soft"],
    "color-green": ["green", "dark", "soft"],
    "color-yellow": ["yellow", "dark", "soft"],
    "color-purple": ["purple", "dark", "soft"],
    "color-brown": ["brown", "dark", "soft"],
    "color-grey": ["grey", "dark", "soft"],
    "color-dark": ["offblack", "dark"],
    "color-material": ["hide", "metal-silver", "metal-copper", "wood", "stone"],
    "smell": [
      "strength-strong",
      "strength-light",
      "strength-random",
      "wood",
      "market",
      "village-spring",
      "city-modern",
      "dock",
      "death",
      "foul",
      "factory",
      "farm",
      "tavern"
    ]
  },
  "feel": ["hide", "metal", "wood", "plastic", "fabric"],
  "sound": [
    "wood",
    "mountain",
    "market",
    "village-spring",
    "city-modern",
    "dock",
    "factory",
    "farm",
    "tavern"
  ],
  "body": ["hair", "eyes", "eyes-all", "skin"]
}
