{
  "strengths": {
    "table": [
      "a born leader",
      "agreeable",
      "assertive",
      "brace",
      "caring",
      "confident",
      "conscientious",
      "cooperative",
      "creative",
      "curious",
      "dependable",
      "enthusiastic",
      "fast thinker",
      "forgiving",
      "frivolous",
      "generous",
      "generous",
      "gritty",
      "high integrity",
      "high self-esteem",
      "honest",
      "honest",
      "humble",
      "imaginative",
      "industrious",
      "intelligent",
      "jolly",
      "kind",
      "loving",
      "magnanimous",
      "moderate",
      "modest",
      "noble",
      "organised",
      "patient",
      "persistance",
      "prudent",
      "quick witted",
      "resiliant",
      "responsable",
      "responsible",
      "reverent",
      "selfless",
      "sober",
      "sociable",
      "stoic",
      "tolerant",
      "trusting",
      "trustworthy",
      "wise"
    ]
  },
  "aspects": {
    "table": [
      "aloof",
      "analytical",
      "apologetic",
      "articulate",
      "bossy",
      "calm",
      "candid",
      "careful",
      "cavalier",
      "cheeky",
      "cheerful",
      "contentious",
      "conventional",
      "defiant",
      "distant",
      "docile",
      "dramatic",
      "eccentric",
      "emotional",
      "energetic",
      "enigmatic",
      "expressive",
      "fierce",
      "flippant",
      "gloomy",
      "graceful",
      "grouchy",
      "has a tendency to hum",
      "humorless",
      "imaginative",
      "indifferent",
      "introverted",
      "judgmental",
      "lethargic",
      "lively",
      "melancholy",
      "melodramatic",
      "meticulous",
      "mischievous",
      "mournful",
      "mousy",
      "nervous",
      "neurotic",
      "obedient",
      "oblivious",
      "optimistic",
      "overly formal",
      "paranoid",
      "passionate",
      "peaceful",
      "pessimistic",
      "pious",
      "playful",
      "polite",
      "pondering",
      "pretentious",
      "proper",
      "proud",
      "quirky",
      "rascal",
      "rebellious",
      "refined",
      "reserved",
      "sassy",
      "secretive",
      "serene",
      "shy",
      "sincere",
      "sleepy",
      "sophisticated",
      "stern",
      "stubborn",
      "suspicious",
      "tactful",
      "temperamental",
      "tone-deaf",
      "unfriendly",
      "unpredictable",
      "whimsical",
      "wisecracking",
      "witty",
      "zealous"
    ]
  },
  "faults": {
    "table": [
      "aimless",
      "always late",
      "always tries to be funny, fails often",
      "arrogant",
      "bitter",
      "boastful",
      "clueless",
      "condescending",
      "conformist",
      "critical",
      "cynical",
      "deceitful",
      "deceptive",
      "delusional",
      "diseased",
      "disloyal",
      "dominating",
      "elitist",
      "fanatical",
      "fidget",
      "flatulent",
      "foolhardy",
      "forgets people's names",
      "gullible",
      "has many disgusting habits",
      "hateful",
      "hatred of animals",
      "impatient",
      "impulsive",
      "insecure",
      "intenionally annoying",
      "irresponsible",
      "irritable",
      "jealous",
      "lacks understanding of personal space",
      "leers",
      "loud mouthed",
      "malicious",
      "meddlesome",
      "merciless",
      "morbid",
      "narcoleptic",
      "nefarious",
      "noisy",
      "picky eater",
      "poorly kept",
      "prone to cruelty",
      "prone to lying",
      "pugnacious",
      "rude",
      "sadistic",
      "savage",
      "self-hating",
      "senile",
      "servile",
      "shallow",
      "shameless",
      "shifty",
      "showy",
      "slanderous",
      "smug",
      "squeamish",
      "superstitious",
      "terribel with money",
      "timid",
      "treacherous",
      "unruly",
      "vaint",
      "vengeful",
      "violent",
      "violent",
      "whiny"
    ]
  },
  "all": {
    "table": [
      "{{utility-npc/personality/strengths:agreeable}}",
      "{{utility-npc/personality/aspects:aloof}}",
      "{{utility-npc/personality/faults:arrogant}}"
    ]
  }
}
