{
  "height": {
    "table": [
      "averagely heighted",
      "diminutive",
      "formidable",
      "immense",
      "lofty",
      "meager",
      "short",
      "statuesque",
      "tall",
      "tiny",
      "towering"
    ]
  },
  "build": {
    "table": [
      "athletic",
      "bony",
      "fat",
      "girthy",
      "heavy",
      "lean",
      "ordinary",
      "paunchy",
      "paunchy",
      "plump",
      "powerful",
      "rakish",
      "rotund",
      "shapeless",
      "slender",
      "slight",
      "slim",
      "stocky",
      "stout",
      "thin"
    ]
  },
  "facial-features": {
    "table": [
      "an angular face",
      "beauty spot",
      "charming features",
      "chubby cheeks",
      "coarse features",
      "colorful tattoos",
      "craggy features",
      "crazy tattoos",
      "crow-like features",
      "delicate features",
      "fancy moustache",
      "furry brows",
      "handsome features",
      "heavy piercings",
      "heavy wrinkles",
      "imposing beard",
      "imposing tattoos",
      "laugh lines",
      "massive scars",
      "mild piercings",
      "mild tattoos",
      "permanent scowl",
      "sculpted chin",
      "sharp features",
      "slight scaring",
      "soft features",
      "speckled skin",
      "well-aged features"
    ]
  },
  "hair-type": {
    "table": [
      "balding",
      "braided",
      "curly",
      "elegant",
      "fancy",
      "frazzled",
      "greasy",
      "limp",
      "long",
      "messy",
      "mohawk'd",
      "short",
      "straight",
      "streaked",
      "styled",
      "tattered",
      "thick",
      "thinning",
      "very long",
      "wavy",
      "well groomed",
      "wild",
      "wiry",
      "his facial expression is ---"
    ]
  },
  "demeanor": {
    "table": [
      "strong in character",
      "unmistakably cool",
      "excessively grave",
      "courteous and bland",
      "mild-mannered and quiet",
      "singularly serious and self-contained",
      "lofty and regal",
      "calm and somber",
      "cold and serious",
      "defiantly audacious",
      "mystic and pompously solemn",
      "wild and almost frantic",
      "stern and stiff",
      "sinister",
      "aggressively businesslike",
      "certain and confident",
      "incongruously sorrowful",
      "reckless and furious",
      "vivid and alert",
      "expressionless an passive",
      "actively joyous",
      "humble & pleasant",
      "distinctly fierce",
      "notably malevolent",
      "icy and aloof",
      "submissive and quiet",
      "confident and cool",
      "gawky and timid",
      "sad and quiet",
      "fawning and sycophantic",
      "rough and saucy",
      "confident and assertive",
      "impatient and lofty",
      "wary and decorous",
      "amiable and meek",
      "grave and almost troubled",
      "austere and philosophical",
      "plain and virtuous",
      "quiet but undaunted",
      "grave and reverential",
      "harsh and resentful",
      "callous and unmoved",
      "suspicious and cautious",
      "silent and deferential"
    ]
  }
}
