{
  "plant-descriptor": {
    "table": [
      "verdant",
      "spiky",
      "stubby",
      "shrivelled",
      "burnt",
      "flowering",
      "thorny",
      "tangling",
      "overgrown"
    ]
  },
  "plant-type": {
    "table": [
      "shrubs",
      "weeds",
      "ferns",
      "bush",
      "hedge",
      "trailing vines",
      "cactuses",
      "flowers",
      "mushrooms",
      "reeds",
      "moss",
      "grass",
      "herbs",
      "succulents"
    ]
  },
  "tree-descriptor": {
    "table": [
      "coniferous",
      "deciduous",
      "evergreen",
      "broadleaf",
      "blossom",
      "giant",
      "ancient",
      "hollow",
      "dying",
      "towering"
    ]
  },
  "plant": {
    "table": [
      "{{utility-nature/flora/plant-descriptor:verdant}} {{utility-nature/flora/plant-type:weeds}}",
      "{{utility-nature/flora/plant-descriptor:spiky}} {{utility-nature/flora/plant-descriptor:deciduous}} trees"
    ]
  }
}
