{
  "collectionID": "utility-nature",
  "collectionName": "Nature",
  "category": "Utility",
  "isUtility": true,
  "version": 2,
  "tags": ["nature"],
  "tables": {
    "geography": ["terrain", "ground", "climate"],
    "flora": ["plant-descriptor", "plant-type", "tree-descriptor", "plant"],
    "fauna": [
      "quantity",
      "insects-descriptor",
      "insects",
      "mammals",
      "birds",
      "reptiles",
      "mid-descriptor",
      "mid"
    ],
    "weather": ["rate", "magnitude", "events", "weather-type", "weather"]
  }
}
