{
  "rate": {
    "table": [
      "common",
      "rare",
      "frequent",
      "occasional",
      "near daily",
      "on occasion",
      "uncommon"
    ]
  },
  "magnitude": {
    "table": [
      "severe",
      "catastrophic",
      "powerful",
      "overbearing",
      "dangerous",
      "mild",
      "strong",
      "abnormal"
    ]
  },
  "events": {
    "table": [
      "storm",
      "fog",
      "snowstorm",
      "hailstorm",
      "rain",
      "acid storm",
      "thunderstorm",
      "heatwave",
      "hurricane",
      "tornado",
      "blizzard",
      "drought",
      "flodding",
      "icestorm",
      "earthquake",
      "coldsnap"
    ]
  },
  "weather-type": {
    "table": [
      "{{utility-nature/weather/magnitude:severe}} {{utility-nature/weather/events:storm}}"
    ]
  },
  "weather": {
    "table": [
      "{{utility-nature/weather/rate:rare}} {{utility-nature/weather/magnitude:severe}} {{utility-nature/weather/events:storm}}s"
    ]
  }
}
