{
  "male": {
    "table": [
      "adam",
      "albert",
      "albie",
      "alex",
      "alexander",
      "alfie",
      "archie",
      "arthur",
      "austin",
      "benjamin",
      "blake",
      "bobby",
      "caleb",
      "carter",
      "charles",
      "charlie",
      "daniel",
      "david",
      "dexter",
      "dylan",
      "edward",
      "elijah",
      "elliot",
      "elliott",
      "ellis",
      "ethan",
      "felix",
      "finley",
      "frankie",
      "freddie",
      "frederick",
      "gabriel",
      "george",
      "harley",
      "harrison",
      "harry",
      "harvey",
      "henry",
      "hugo",
      "isaac",
      "jack",
      "jackson",
      "jacob",
      "jake",
      "james",
      "jamie",
      "jasper",
      "jaxon",
      "jayden",
      "jenson",
      "jesse",
      "joseph",
      "joshua",
      "jude",
      "leo",
      "leon",
      "lewis",
      "liam",
      "logan",
      "louie",
      "louis",
      "luca",
      "lucas",
      "luke",
      "mason",
      "matthew",
      "max",
      "michael",
      "nathan",
      "noah",
      "oliver",
      "ollie",
      "oscar",
      "reggie",
      "riley",
      "roman",
      "ronnie",
      "rory",
      "ryan",
      "samuel",
      "sebastian",
      "stanley",
      "teddy",
      "theo",
      "theodore",
      "thomas",
      "toby",
      "tommy",
      "william"
    ]
  },
  "female": {
    "table": [
      "abigail",
      "alice",
      "amber",
      "amelia",
      "amelie",
      "anna",
      "annabelle",
      "aria",
      "ava",
      "ayla",
      "bella",
      "bethany",
      "brooke",
      "charlotte",
      "chloe",
      "clara",
      "daisy",
      "eden",
      "eleanor",
      "eliza",
      "elizabeth",
      "ella",
      "ellie",
      "elsie",
      "emilia",
      "emily",
      "emma",
      "erin",
      "esme",
      "eva",
      "evelyn",
      "evie",
      "felicity",
      "florence",
      "freya",
      "georgia",
      "grace",
      "gracie",
      "hannah",
      "harper",
      "harriet",
      "heidi",
      "holly",
      "imogen",
      "iris",
      "isabella",
      "isabelle",
      "isla",
      "ivy",
      "jasmine",
      "jessica",
      "katie",
      "lara",
      "layla",
      "leah",
      "lexi",
      "lily",
      "lola",
      "lottie",
      "lucy",
      "luna",
      "lyla",
      "maisie",
      "maria",
      "martha",
      "matilda",
      "maya",
      "megan",
      "mia",
      "mila",
      "millie",
      "molly",
      "mya",
      "nancy",
      "nina",
      "olivia",
      "orla",
      "penelope",
      "phoebe",
      "poppy",
      "robyn",
      "rose",
      "rosie",
      "ruby",
      "sara",
      "sarah",
      "scarlett",
      "sienna",
      "sophia",
      "sophie",
      "summer",
      "thea",
      "violet",
      "willow",
      "zara",
      "zoe"
    ]
  },
  "surname": {
    "table": [
      "abbey",
      "abbott",
      "abraham",
      "abrahams",
      "ackary",
      "ackroyd",
      "acton",
      "adams",
      "adamson",
      "alder",
      "aldersley",
      "alderson",
      "aldred",
      "armitage",
      "armour",
      "armsden",
      "armstrong",
      "austin",
      "auton",
      "avenue",
      "avery",
      "aves",
      "avis",
      "awad",
      "axon",
      "aylett",
      "bryson",
      "buchan",
      "buchanan",
      "buck",
      "buckingham",
      "buckley",
      "budd",
      "bugg",
      "bull",
      "bullock",
      "burch",
      "burden",
      "burdett",
      "burford",
      "cadman",
      "cahill",
      "cain",
      "cairns",
      "caldwell",
      "callaghan",
      "callow",
      "calveley",
      "calvert",
      "cameron",
      "campbell",
      "cann",
      "cannon",
      "carnegie",
      "carney",
      "carpenter",
      "carr",
      "carrington",
      "childs",
      "chilvers",
      "chisholm",
      "cochrane",
      "cockburn",
      "cockle",
      "coffey",
      "douthwaite",
      "dove",
      "dover",
      "dowell",
      "dowler",
      "dowling",
      "downes",
      "downey",
      "downie",
      "downing",
      "eyett",
      "eyles",
      "eyre",
      "eyres",
      "fabb",
      "fagan",
      "fairbrace",
      "fairbrother",
      "fairchild",
      "furniss",
      "furse",
      "fyall",
      "gadsden",
      "gaffney",
      "gardner",
      "garland",
      "garner",
      "gerrard",
      "geyer",
      "gibb",
      "girdwood",
      "girling",
      "given",
      "gladwell",
      "glaister",
      "hampton",
      "hancock",
      "hand",
      "handley",
      "hobbs",
      "hobson",
      "hocking",
      "illingworth",
      "ilsley",
      "impey",
      "ivory",
      "izzard",
      "jackman",
      "jacks",
      "jackson",
      "jaffray",
      "jagger",
      "jakeman",
      "jupp",
      "jury",
      "kacy",
      "kearsley",
      "kearton",
      "keating",
      "keaveney",
      "kennett",
      "kenney",
      "kilford",
      "kyle",
      "kysel",
      "labbe",
      "lacey",
      "lacy",
      "laing",
      "lynn",
      "myatt",
      "myers",
      "nair",
      "nairn",
      "neaverson",
      "nedd",
      "newbury",
      "newby",
      "newcombe",
      "nuttall",
      "okten",
      "olan",
      "oxley",
      "oxtoby",
      "pack",
      "packard",
      "packer",
      "pennington",
      "percival",
      "pett",
      "petticrew",
      "peyton",
      "pollock",
      "polson",
      "pomphrey",
      "purvis",
      "putt",
      "pyle",
      "quigley",
      "quinn",
      "quinnell",
      "rackham",
      "radcliffe",
      "radford",
      "radley",
      "readman",
      "reardon",
      "reasbeck",
      "reay",
      "redden",
      "ring",
      "ripley",
      "rippin",
      "riseborough",
      "ritchie",
      "ryans",
      "rycroft",
      "sargent",
      "saunders",
      "savage",
      "sexton",
      "seymour",
      "shackleton",
      "simpson",
      "sims",
      "sinclair",
      "southwick",
      "sparkes",
      "sparrow",
      "spears",
      "symes",
      "symonds",
      "taggart",
      "tailor",
      "tait",
      "talbot",
      "thirlwell",
      "thistlethwaite",
      "thom",
      "trennery",
      "trent",
      "treseder",
      "underhill",
      "underwood",
      "unsworth",
      "unwin",
      "upfield",
      "upjohn",
      "upsdell",
      "upson",
      "veevers",
      "veitch",
      "velds",
      "venables",
      "wain",
      "wainwright",
      "waite",
      "wakefield",
      "westwell",
      "westwood",
      "whalley",
      "wharton",
      "wheatcroft"
    ]
  },
  "surname-start": {
    "table": [
      "abbey",
      "arch",
      "arm",
      "aus",
      "ay",
      "church",
      "edward",
      "forest",
      "george",
      "jack",
      "john",
      "penn",
      "read",
      "ry",
      "tag",
      "tal",
      "up"
    ]
  },

  "surname-end": {
    "table": [
      "beck",
      "borough",
      "bourne",
      "brother",
      "burn",
      "bury",
      "child",
      "cliffe",
      "croft",
      "dell",
      "den",
      "dett",
      "ell",
      "field",
      "ford",
      "hill",
      "ing",
      "ingham",
      "ington",
      "ingworth",
      "land",
      "leo",
      "man",
      "sley",
      "son",
      "strong",
      "ton",
      "ton",
      "well",
      "wood",
      "worth"
    ]
  },
  "surname-gen": {
    "table": [
      "{{utility-names/english/surname-start:john}}{{utility-names/english/surname-end:son}}",
      "{{utility-names/english/surname-start:john}}{{utility-names/english/surname-end:son}}{{utility-names/english/surname-end:son}}"
    ]
  },
  "surname-mix": {
    "table": [
      "{{utility-names/english/surname-gen:johnson}}",
      "{{utility-names/english/surname:upcliffe}}",
      "{{utility-names/english/surname:upcliffe}}-{{utility-names/english/surname-gen:johnson}}"
    ]
  }
}
