{
  "male": {
    "table": [
      "bhuti",
      "choedon",
      "choekyi",
      "chogden",
      "chokphel",
      "damchoe",
      "dasel",
      "dawa",
      "dema",
      "dhondup",
      "dolkar",
      "dolma",
      "dorje",
      "gyatso",
      "gyemsten",
      "gyurmey",
      "jampa",
      "jangchup",
      "jungney",
      "kalden",
      "karma",
      "kelsang",
      "khando",
      "khendenn",
      "kunchok",
      "kunga",
      "kunphell",
      "lekhshey",
      "lhakpa",
      "lhakyi",
      "lhami",
      "lhawang",
      "lhayul",
      "lobsang",
      "metok",
      "namdak",
      "namdol",
      "namgyal",
      "ngonga",
      "norbu",
      "nyima",
      "paljor",
      "pasang",
      "peldun",
      "pema",
      "phuntsok",
      "phurpa",
      "rabgyal",
      "rabten",
      "rangdol",
      "rigsang",
      "rigzin",
      "rinchen",
      "samdup",
      "samten",
      "sangyal",
      "sonam",
      "tashi",
      "tenki",
      "tenzin",
      "thinley",
      "tsering",
      "tsomo",
      "tsundue",
      "wangchuk",
      "wangmo",
      "wangyag",
      "woeser",
      "woeten",
      "yangdol",
      "yangkey",
      "yangtso",
      "yonden"
    ]
  },
  "female": {
    "table": [
      "amala",
      "amrita",
      "boshay",
      "chime",
      "choejor",
      "dalha",
      "diki",
      "dohna",
      "dolkar",
      "dolma",
      "dronma",
      "ekadzati",
      "ema",
      "gandhara",
      "garma",
      "gawa",
      "gokarmo",
      "hariti",
      "jalus",
      "jamyang",
      "jaya",
      "jungney",
      "karlha",
      "kasa",
      "ketu",
      "khadroma",
      "kunsang",
      "lasya",
      "lhamo",
      "lolha",
      "lumo",
      "maya",
      "metog",
      "nele",
      "ngawang",
      "ninguerre",
      "opame",
      "pema",
      "popo",
      "ritveja",
      "samaya",
      "sangmu",
      "sumati",
      "tara",
      "ui-tango",
      "yangchen",
      "yara",
      "yutso",
      "zaya",
      "zopa"
    ]
  },
  "surname": {
    "table": [
      "adro",
      "akyong",
      "apang",
      "azha",
      "ba",
      "ber",
      "bitsa",
      "bochung",
      "chakdu nyarong",
      "chakgong",
      "chakhung",
      "chim",
      "chungpa",
      "dak",
      "dawa",
      "denma",
      "depa tonpo",
      "dilgo",
      "doring",
      "dra",
      "drangti",
      "drenka",
      "dro",
      "drokmi",
      "drom",
      "dzeng",
      "gar",
      "gar ratsang",
      "gazi",
      "getse",
      "gung",
      "gurib",
      "gya",
      "gyamo",
      "gyanak rawa",
      "gyangkhar",
      "gyer",
      "gyu",
      "ja",
      "jadra",
      "janak",
      "ju",
      "kharchen",
      "kheme",
      "khon",
      "khyungpo",
      "kyasu",
      "kyi",
      "kyo",
      "kyuchok",
      "kyura",
      "lang",
      "lasum",
      "len",
      "lhalung",
      "lingmo",
      "lingtsang",
      "lomi",
      "ma",
      "me",
      "menge",
      "meu",
      "mu",
      "mukpo",
      "naktso",
      "namseling",
      "nanam",
      "ngen",
      "ngenlam",
      "ngoje",
      "ngok",
      "ngulchu",
      "ngupa",
      "nub",
      "nya",
      "nyak",
      "nyakre",
      "nyakshul",
      "nyang",
      "nyo",
      "odren",
      "pugyel",
      "ra",
      "ram",
      "rok",
      "se",
      "sha",
      "shar",
      "shar",
      "sharkhapa",
      "shingkhamga",
      "shupu",
      "sumpa",
      "tati zhamar",
      "tong",
      "tonmi",
      "trotsik",
      "tsedong",
      "tsongpon",
      "tsur",
      "tukwan",
      "tum",
      "wangda",
      "welshul",
      "yi",
      "yu",
      "yudra",
      "yungok",
      "zamtsa ngorang",
      "zeu",
      "zhak",
      "zhangpa",
      "zhiwatsang",
      "zi",
      "zira",
      "zur"
    ]
  }
}
