{
  "male": {
    "table": [
      "aelflyn",
      "aelfstan",
      "albert",
      "algar",
      "almund",
      "alwahl",
      "alwulf",
      "athelbert",
      "athelred",
      "bada",
      "baldlyn",
      "baldred",
      "baldstan",
      "baldwahl",
      "baldwyn",
      "beobald",
      "beorhtric",
      "beorhtsige",
      "beornfrith",
      "beorngard",
      "beornhart",
      "beornnoth",
      "beornwulf",
      "beorys",
      "beowahl",
      "beowald",
      "brictbert",
      "brictdred",
      "brictfrith",
      "brictgard",
      "brictlyn",
      "caedgard",
      "ceadda",
      "cengard",
      "cenhelm",
      "cenmon",
      "cennoth",
      "cenric",
      "cenwald",
      "cenwulf",
      "ceolhart",
      "ceolmund",
      "ceolred",
      "ceolwahl",
      "cerdic",
      "cuthberht",
      "cyneburg",
      "cyneheard",
      "cynesige",
      "cynmon",
      "cynnoth",
      "cynstan",
      "cynwahl",
      "cynwald",
      "cynward",
      "deorwine",
      "dudda",
      "dunstan",
      "eadberht",
      "eadburga",
      "eadmon",
      "eadmund",
      "eadric",
      "eadrys",
      "eadwald",
      "eadwig",
      "eadwulf",
      "eadwyn",
      "ealhstan",
      "eardwulf",
      "eggard",
      "egmund",
      "egnoth",
      "eldfrith",
      "eldlyn",
      "eldmund",
      "eldwyn",
      "eobald",
      "eonoth",
      "eored",
      "eowulf",
      "ethelbald",
      "ethelmund",
      "ethelstan",
      "ethelwald",
      "ethelwyn",
      "godmon",
      "godmund",
      "godward",
      "leodred",
      "leogard",
      "leomon",
      "leoric",
      "leoward",
      "leowyn",
      "osbert",
      "osfrith",
      "oslyn",
      "osmon",
      "osric",
      "raedgard",
      "raedrys",
      "raedwahl",
      "sherdred",
      "sherfrith",
      "shergard",
      "sherlyn",
      "shermon",
      "shernoth",
      "sherwyn",
      "theofrith",
      "theoric",
      "theowahl",
      "theowulf",
      "wilbald",
      "wilgard",
      "wilgard",
      "wilmund",
      "wilnoth",
      "wilric",
      "wilrys",
      "wulfgar",
      "wulfric",
      "wulfrys",
      "wulfstan",
      "ælfgar",
      "ælfric",
      "ælred"
    ]
  },
  "female": {
    "table": [
      "aedwen",
      "aelfgifu",
      "aelfgyth",
      "aelflead",
      "aelfswith",
      "aelfthryth",
      "aelfwyn",
      "aethelburh",
      "aethelgifu",
      "aethelhild",
      "aeffe",
      "agnes",
      "aldith",
      "balthild",
      "beadohild",
      "bebbe",
      "berhtgyth",
      "bertha",
      "bucge",
      "buhe",
      "ceolburh",
      "ceolwyn",
      "cuthburh",
      "cwenburg",
      "cyneburh",
      "cyneswith",
      "cyniburg",
      "deorlufu",
      "deorsith",
      "dudde",
      "dunne",
      "eadburg",
      "eadburga",
      "eadfrith",
      "eadgifu",
      "eafe",
      "ealswith",
      "eanflaed",
      "eanfled",
      "eanfrith",
      "eangyth",
      "eanswith",
      "eawyn",
      "ecgburg",
      "ecgferth",
      "ecgfrida",
      "ecgthritha",
      "edgyth",
      "edith",
      "emma",
      "etheldreda",
      "etheldritha",
      "frideswide",
      "frithugyth",
      "gilswith",
      "godahild",
      "godgifu",
      "godwif",
      "golde",
      "gytha",
      "heiu",
      "herlufa",
      "hild",
      "hilda",
      "hildelith",
      "hildelitha",
      "hildithryth",
      "hwite",
      "judith",
      "leoba",
      "leofflaed",
      "leofgyth",
      "leofled",
      "leofrun",
      "leofwara",
      "leogifu",
      "lufu",
      "lulle",
      "midburg",
      "milburga",
      "mildgitha",
      "mildred",
      "mildrith",
      "mildthryth",
      "nothgyth",
      "oedilburga",
      "osfryth",
      "osgyth",
      "osthryth",
      "osyth",
      "saegyth",
      "saehild",
      "saexburg",
      "saexburh",
      "siflaed",
      "tate",
      "theoritgitha",
      "tidburg",
      "tunwini",
      "uerngyth",
      "waerthryth",
      "walenburg",
      "werberga",
      "wihtburg",
      "wilfgifu",
      "winne",
      "wulfgyth",
      "wulfruna",
      "wulfwaru",
      "wulfwen",
      "wulfwyn",
      "wulgifu",
      "wyflaed",
      "wynburg"
    ]
  },
  "surname": {
    "table": [
      "acker",
      "ackerman",
      "adair",
      "ainsley",
      "airaldi",
      "airò",
      "akers",
      "alfredson",
      "alger",
      "appleton",
      "arkwright",
      "ash",
      "ashton",
      "ashworth",
      "audley",
      "averill",
      "bain",
      "baker",
      "barclay",
      "bardsley",
      "barton",
      "baxter",
      "beasley",
      "berry",
      "beverley",
      "bird",
      "black",
      "blackbourne",
      "blackburn",
      "blakeslee",
      "bloodworth",
      "blythe",
      "boatwright",
      "bolton",
      "boothman",
      "bourke",
      "bradford",
      "brewer",
      "brewster",
      "brinley",
      "bronson",
      "brook",
      "browne",
      "buckley",
      "burton",
      "byrd",
      "caldwell",
      "cartwright",
      "cason",
      "caulfield",
      "chapman",
      "cheshire",
      "chester",
      "church",
      "clay",
      "clayton",
      "clifford",
      "coburn",
      "cock",
      "coke",
      "cole",
      "colton",
      "combs",
      "dalton",
      "deadman",
      "dexter",
      "dickman",
      "downer",
      "dudley",
      "dunn",
      "earls",
      "easom",
      "edison",
      "elwyn",
      "fairbairn",
      "fairclough",
      "farnham",
      "fisher",
      "ford",
      "fox",
      "gladwyn",
      "glazier",
      "goode",
      "goodwin",
      "groves",
      "hadaway",
      "hambleton",
      "hamm",
      "hargrave",
      "harrelson",
      "hatheway",
      "irvine",
      "jackman",
      "kemp",
      "kendall",
      "kersey",
      "kynaston",
      "leighton",
      "lyndon",
      "maxwell",
      "milburn",
      "norris",
      "ogden",
      "payton",
      "poole",
      "readdie",
      "rhodes",
      "romilly",
      "seward",
      "shirley",
      "silver",
      "snelling",
      "webster",
      "whitaker"
    ]
  },
  "surname-start": {
    "table": [
      "ak",
      "al",
      "ark",
      "at",
      "atter",
      "aver",
      "bada",
      "cart",
      "chap",
      "clin",
      "dal",
      "ded",
      "eas",
      "fair",
      "gray",
      "green",
      "had",
      "lin",
      "mil",
      "nett",
      "new",
      "og",
      "pres",
      "saw",
      "shar",
      "west",
      "whit",
      "yong"
    ]
  },

  "surname-end": {
    "table": [
      "ard",
      "bent",
      "bourne",
      "burne",
      "bury",
      "by",
      "clay",
      "ford",
      "grave",
      "ham",
      "land",
      "ley",
      "low",
      "man",
      "nett",
      "shire",
      "sley",
      "son",
      "ter",
      "ton",
      "ton",
      "vey",
      "well",
      "wick",
      "worth",
      "wright"
    ]
  },
  "surname-gen": {
    "table": [
      "{{utility-names-historic/english/surname-start:john}}{{utility-names-historic/english/surname-end:worth}}"
    ]
  },
  "surname-mix": {
    "table": [
      "{{utility-names/english/surname-gen:westshire}}",
      "{{utility-names/english/surname:whitaker}}",
      "{{utility-names/english/surname:whitaker}}-{{utility-names/english/surname-gen:kersey}}"
    ]
  }
}
